,내용,점수,날짜
0,미드웨이가 재밌으면 추천 백두산이 재밌으면 비추,9,2019.12.31 09:48
1,저 해전이 있었기에 우리나라 광복도 가능 했음,10,2019.12.31 10:41
2,백두산 상영관 대폭줄이고 미드웨이 상영관 대폭늘려라,10,2019.12.31 09:38
3,방금 개봉했는데 1점 준애는 뭐냐 ㅋㅋ 일본놈이냐? 이제 광고돌고 있을 시간이다.,10,2019.12.31 09:14
4,교과서에는 미드웨이 해전에서 미국이 승리했다고 한 줄로 서술되어 있지만 단순히 한 줄로 설명할 수 없는 파란만장했던 전쟁.,10,2019.12.31 19:58
5,스케일 겁나커서 보는내내 입벌리고 봣네욬ㅋㅋ재밋습니다,10,2019.12.31 09:29
6,안보면후회함 백두산보다낫다,10,2019.12.31 09:52
7,재밌으면 추천 재미없으면 비추천 눌러주십쇼 형님들,10,2019.12.31 09:01
8,일본의 최대 실수는 미국을 건드린거다 그 대가로 원폭 처맞고 멸망함ㅋㅋㅋ지금 하는 짓거리보면 아직 더 맞아야 될듯,10,2019.12.31 16:37
9,아니 에머리히 감독이 스토리에 고증을 철저히 지키다니 안믿긴다..(진짜 실제인물에 장면 하나하나가 거의 다 사실인건 솔직히 놀랍네요)(영화에 대한 팩트들)1.제작비는 500억이 아니라 1100억이고 2.소니가 진짜로...,8,2019.12.31 10:14
10,영화이지만 실화이기에 재밌다고 말하기는 뭐하지만 정말 리얼입니다. 영상미도 좋고 스토리도 실화에 바탕으로 탄탄하게 잘 만들어져 있어요,10,2019.12.31 13:09
11,화산폭발하는 국내 영화의 어설픈 CG 보다가  대규모 전쟁씬 나오는 영화 한장면만 봐도 가슴이 뻥 뚫립니다,10,2019.12.31 09:48
12,전쟁영화 역사상 가장위대한 연출,10,2019.12.31 09:40
13,딕 베스트 이름으로 모든 것이 설명된다 ㅋㅋㅋ,10,2019.12.31 10:54
14,지금 조조보고 나왔는데 정말 대박이다. 전쟁사 관심많아서 여러 영화봤지만 이건 리얼이다. 그리고 야마구치 함장 어뢰 투하 전 젊은이는 살아야한다고 마지막 명령이라고 말할 때 일본인이지만 해군 장교의 참 모습을 보았음...,10,2019.12.31 10:07
15,절치부심. 잠자는 거인을 깨웠다.적 항공모함에 폭탄을 투하하기위해 돌진하는 급강하폭격기의 용맹함이 존경스러웠다.,10,2019.12.31 16:27
16,"제국주의 일본의 몰락, 2019의 화려한 마무리",8,2019.12.31 10:10
17,같이 본 밀덕아들이 최고의 공군영화랍니다.실감나는 전투장면과 고증이 인상깊네요,10,2019.12.31 12:59
18,"백두산 손익분기점 가려고 되도않는상영관 잡고 있는데 당장 내리고 최신영화,대작들 상영관좀 늘려라.",10,2019.12.31 11:44
19,무조건 봐야됨 아니 진짜 봐야됨 명작이다,10,2019.12.31 23:08
20,진주만에 가려져 있던 미드웨이 전쟁 실화의 완벽한 고증..  그 속에 수많은 전쟁영웅들.. 이들이 없었다면 세계지도가 바뀌었을수도..,8,2019.12.31 10:23
21,이런 영화가 천만 가야지!!,10,2020.01.01 10:59
22,추천누르면 새해복많이받음,10,2019.12.31 11:12
23,추천 누르면 애국심 비추천은 쪽바리,10,2019.12.31 09:45
24,일본애들 갑판위에서 폭탄 터트릴때 속이 다 후련하더라,9,2019.12.31 11:12
25,백두산이니 시동이니 영화같잖은 티비 드라마 같은건 아에 영화관에서 못걸게 법으로 막아야됨. 이게 영화의 기본이다..기본만도 못한 걸 제일 큰 상영관에서 하고 이런걸  소극장 같은데서 상영하고 앉아 있으니 기가 찬다....,10,2019.12.31 16:06
26,박평식은 불쌍하다. 이런 영화도 4점 주니,10,2019.12.31 12:09
27,전쟁영화는 이래야제 이래야 전쟁영화제,10,2019.12.31 09:50
28,일본 후두려 패는것만으로도 재밌음,9,2019.12.31 12:00
29,한국영화보다 좋아. ㅋㅋㅋ 명백한 사실.,10,2019.12.31 10:45
30,10점 줘도 모자라다 하늘에 있는 별 다 주고 싶다 진심,10,2020.01.01 15:50
31,제발 친북반미 백두산은 상영관에서 꺼져라,10,2020.01.03 17:07
32,이 영화는 밀덕들을 향한 최고의 선물이다. 지옥에 가라! Jap,10,2020.01.01 08:34
33,영화는 실제 기록들과 오래된 클래식 영화들의 특수효과를 적용한 영상을 보여주고 있으며 모든 영상의 패치워크 기법으로... 마치 다큐를 만들듯 만든 대단한 영상미를 자랑한다.,10,2020.01.01 00:33
34,진짜 미국 비행기가 일본함선에 폭격날릴때 전율,10,2019.12.31 11:59
35,2019년 마지막 영화가 쓰레기 “백두산”이 아니어서 정말 다행이다 고맙다 “미드웨이”,10,2019.12.31 09:15
36,숨겨진 영웅을 만나는 듯한 영화,10,2019.12.31 23:37
37,존잼쓰... 시간이136분 짜리인지 몰랐음그냥 미친듯이 빨려들어가서 봤는데 아침부터 흥분이 가라앉지않음ㅋㅋㅋ 꼭 보세연 일본함대 폭파시킬때 가슴뻥뚫림. 진짜 잘봤다 bbbb,10,2019.12.31 11:55
38,말이 필요없음. 최고의 전쟁영화인듯,10,2019.12.31 17:25
39,비겁한 일본을 상대로 통쾌한 복수극..미드웨이 > 백두산,10,2019.12.31 14:15
40,공중전은 진짜 역대급입니다.비행기 쫒아 제 목도 함께 돌아가더이다.,10,2020.01.01 16:06
41,다들 스탈린 그라드가 2차 세계대전의 전부인 줄 안다. 하지만 태평양 전쟁에서 일본군을 박살내지 않았다면 우리를 포함한 아시아 국가들의 식민지 생활은 계속되었을 것이다.태평양 전쟁에서 용맹하게 싸웠던 미합중국 해군과...,10,2019.12.31 17:47
42,시원시원한 영화.근데 미국과 맞짱 뜬 일본 너희들은 도대체...,10,2020.01.01 12:25
43,이런 영화를 극장에서 봐야지ㄷㄷ 상영관 너무 없어서 아쉬움ㅠ,10,2019.12.31 11:11
44,"스토리는 다들 아는 그대로예요Ost가 웅장하고 영화 컨셉, 장면에 어울리기 때문에 되게 쉴 틈 없이 긴장하면서 봤습니다그만큼 연출을 잘 했다 생각하고?배우들 연기력도 훌륭합니다 전우애를 잘 나타낸 데다가 본인 캐릭터...",10,2019.12.31 23:23
45,미드웨이 해전 진행과정을 엑기스만 모아서 만든 영화. 불필요한 장면은 정말 과감하게 컷하고 보여주고싶은 에피소드를 전부 보여주기위해 열심히 압축한 느낌이 듭니다.,9,2019.12.31 21:34
46,미드웨이에 갔다 온 기분이었다,10,2020.01.01 19:55
47,진주만 재밌게 보셨던 분들이면 괜찮을 영화. 월드타워 시사회로 봤는데 되게 괜찮았어요,10,2019.12.31 09:45
48,쓰레기 백두산 내리고 아미맥스관에서 상영 해라... 백두산을 아이맥스관으로 상영 하다니.... 너무 심하잖아...,10,2019.12.31 14:46
49,BOB 이후 오랜만에 천조국을 다시 찬양하게 되었다~,10,2019.12.31 22:47
50,대한민국 독립의 초석을 놓아준 미드웨이 용사님들의 용기와 헌신에 진정어린 감사를 표합니다. 한미혈맹 포에버~~!!!,10,2019.12.31 12:16
51,아니 스케일 크고 화려하고 개재미있는데 어째서 잴 작은 상영관에서만 상영을 하는거지? 잴 큰대는 십두산이 다 차지함..;;;,10,2019.12.31 16:09
52,백두산 천문 시동보다 10000배 나음. 영화는 이렇게 만들어야함. 내 돈 주고 또 볼거같음,10,2019.12.31 22:12
53,전쟁액션 영화 끝판왕 입니다!!시간기는줄모르고 몰입한 인생영화!!,10,2020.01.01 11:19
54,퀄리티가 너무 높고 너무 재미있었다,10,2020.01.01 16:09
55,백두산 상영관보다 미드웨이 상영관을 늘려야지...백두산 진심 다보고 나서 왜봤는지 후회되던데.,10,2020.01.03 22:01
56,"세계대전에 대한 공부를 하는데도 너무 좋을 것 같다 고증이 깔끔하게 아주 잘된 전쟁영화, 액션을 말할 것도 없고 마지막 전투 부분 쾌감쩜 ㄷㄷ",10,2019.12.31 11:25
57,박평식 저사람은 대체 무슨 어떤 생각을 가지고 있길래 폭격기들의 행동들을 생각없다고 할 수 있는건지 진짜 궁금하다.,10,2019.12.31 19:55
58,정말 재밌게 봤습니다 아쉬운점은 일본은 처참하게 당하고 원자폭탄 투하 장면까지 나왔으면 더 최고였을 것 같네요,10,2019.12.31 16:26
59,이렇게 좋은 영화는 상영관 대폭 늘려야 합니다,10,2019.12.31 16:38
60,최고네요 스크린 독과점 하는 국내영화들보다 돈값 훨씬 잘합니다.,9,2020.01.02 20:35
61,별 기대 안하고 봤는데 ㅎㅎ지금 개봉한 어떤 영화보다 재밌습니다 ㅎㅎ 강추 ㅎㅎ,10,2020.01.01 20:16
62,"롤랜드 에머리히 감독 최고작인듯, 개인적으로 진주만도 뛰어넘었다고 본다. 한 영화에서 진주만, 둘리틀 공습, 미드웨이 해전까지 모두 볼 수 있다니 그리고 액션까지 개쩜! 황홀했다",10,2019.12.31 11:24
63,심장이 쫄깃쫄깃.전쟁영화 그닥인 여자인 내가 봐도 시간가는줄 모르고 봄.뭔가 가슴도 뭉클함.우리나라도 전쟁 영웅 좀 제대로 우대해줬음 좋겠다.,8,2020.01.02 16:03
64,백두산좀 제발 내려 주세요.왜놈들 때려잡는거 보고 싶어요 .북한 브로맨스 너무 지겹습니다,10,2019.12.31 12:19
65,쓰레기같은 한국영화랑은 급이 다른 영화. 단순 자본의 차이가 문제가 아님 ㅋ,10,2019.12.31 13:46
66,한국은 흉내조차 못낼 CG,9,2020.01.03 15:35
67,몰입도 긴장감 대박ㅠㅠ 팝콘 사서 그대로 들고 나옴... 여러분 미드웨이 꼭 보세요,10,2019.12.31 10:49
68,첫번째는 어마어마한 스케일에 일단 감동.두번째는 나라를 위해 일본과 싸우는 미국 젊은의들의 용기와 기백에 감동 눈물.세번째는 미국의 승전으로 지금 우리나라도 일본말을 하지 않는걸 감사하게 생각하게되는 명작입니다.,10,2020.01.02 00:28
69,상대적인 저예산으로 만들어진 영화치고는 괜찮게 만들어진거 같습니다 대신 영화보기전 미드웨이 해전에 대한 어느정도의 정보습득은 필요해보이네요,8,2020.01.01 12:13
70,영화 진주만에서 로맨스 쫙 빼면 딱 이런 느낌.미드웨이 정말 스펙타클하고 재밌는 전쟁영화,10,2019.12.31 17:11
71,솔직히 백두산보다 재밌음;,9,2020.01.02 21:34
72,도쿄대공습과 맨해튼 계획도 영화로 만들기를 바랍니다.,10,2020.01.01 16:21
73,무조건 봐라 대작이다. 무조건 봐라 대작이다.,10,2019.12.31 13:46
74,전투신도 좋지만 미국 일본 첩보전과 두나라의 조직문화를 비교해서 보시면 더 잼나요,10,2020.01.04 17:56
75,군인들이 넘 존경스러워요..!! 넘 멋져 군인오빠들 ㅠㅠ 우리나라도 미국처럼 군인들을 좀 더 대우해주길..,8,2020.01.03 21:05
76,136분 금방 가네요. 전투씬 최고에요! 계속 출격하는 만큼 전투씬도 많아요.4D로 보면 더 좋을듯.,9,2019.12.31 22:08
77,뭔가 통쾌상쾌 ㅋㅋㅋㅋ,10,2019.12.31 16:35
78,오랜만에 보는 제대로 된 전쟁영화,10,2019.12.31 12:21
79,별거 아니지...저거 CG잖아...하고는... 급강하 폭격기 내리꽂는 장면에서 주먹을 꽉 쥐고 있는 나를 발견했다...,10,2020.01.01 01:31
80,사실을 미화하지안코 적절하게 연출룰 달한 영화,8,2020.01.01 10:40
81,진주만이후 최고의 전쟁영화 진주만 보신분이라면 꼭 보세요 갸꿀잼,10,2020.01.01 16:44
82,일본 함공모함 갑판 일장기는 아주 좋은 표적지였다,10,2020.01.06 01:15
83,꼭 봐야합니다왜냐하면 일본이 미국한테 깨지거든요,10,2019.12.31 23:27
84,개재밌어요 두번봐도 재밌을듯,10,2019.12.31 15:53
85,와 부모님과 보고 싶어서 한달을 기다렸는데 다 백두산이 점령했네  큰 스크린 내놔라 이것들아,10,2019.12.31 15:08
86,미드웨이 해전에 대해 잘 알려주는 영화입니다.,10,2020.01.01 15:30
87,뭐 말이 필요함? 20분 정도 된거 같은데.. 끝났다..혹시 후속편으로 둘리도 나옴?,10,2020.01.02 16:37
88,19년도마지막 최고의영화였다.,10,2019.12.31 16:57
89,명불허전. 전쟁사를 알면. 더 재미있는영화 ~~^^,8,2020.01.01 15:19
90,"잡스런 로맨스없이 전쟁과 병사들 자체에만 집중해서 좋았음. 전쟁영화에서 기대하는것을 아낌없이 , 너무 아낌없어서 나중엔 지치도록 보여주는 영화. 2차대전때 비행기와 군함들이 어떻게 싸웠는지 생생하게 보고싶다면 극장서...",10,2019.12.31 20:06
91,왜족이 끔찍히 싫어할 영화.공중전 압권임.,10,2019.12.31 15:53
92,개꿀 일본 이길때 전율이 뜨어억,10,2019.12.31 16:33
93,전달하려는 스토리가 명확하고 전투신도 화려함.,10,2020.01.03 13:20
94,그냥 정말 시작부터 끝까지 항공모함과 전투기 장난아닌 스케일과 몰입도 근 몇년간 영화중에 최고인듯 어벤저스엔드게임에 실망하신분들을 위한 영화,10,2019.12.31 15:59
95,와.  손에 땀난다는게 이런건가ㅋㅋ,10,2020.01.01 18:51
96,수작입니다 굉장히 잘만든 전쟁영화. 미국의 참전용사 예우는 세계제일.,10,2019.12.31 22:47
97,스포일러가 포함된 감상평입니다. 감상평 보기,10,2020.01.01 13:05
98,쓸데없는 로맨스 이런 거 안나와서 더 재밌게 본 거 같아요 실화인데 내용에 집중할 수 있어서 좋았네요 ㅎㅎ,10,2020.01.06 07:44
99,"긴 상영시간이 전혀 느껴지지 않을 만큼 순식간에 지나갔어요. 그럼에도 감동, 뭉클함, 긴장감, 전투씬연출에 넋이 나가고 집중했던 영화였습니다. 강추는 이럴때 쓰는 말이죠.",10,2020.01.01 23:15
100,스포일러가 포함된 감상평입니다. 감상평 보기,8,2019.12.31 18:42
101,초반부터 후반까지 아가리 터는거 거의 없이 전투 장면이 계속되는데 특히 함대 폭격씬이 그야말로 쫄깃합니다.볼만합니다.,9,2019.12.31 12:36
102,그다지 큰 기대는 안하고 갔는데 2시간좀 넘는 시간내내 거의 몰입해서 봤다. 실화를 바탕으로 한 전쟁영화답게 웃기거나 유쾌한 장면은 없지만 정말 소설보다 더 놀라운 사실이나 미드웨이해전의 역사적인 5분을 기가막히게 ...,9,2019.12.31 15:37
103,한국은 미국을 보고 배워야한다. 지금 미일 동맹관계에 있고 미중대립관계에 있지만 미드웨이 전 당시는 정반대였던 사실을 이 영화가 그대로 연출했다. 백두산 봐라..비록 픽션이긴 하지만 70여년의 동맹을 잊어버리고 미국...,10,2020.01.03 19:26
104,일본이 이겼다면 지금 나는 쪽바리 국민이 되었겠지? 하며 안도의 한숨을 쉬어본다. 하지만....지금 현실은 일본에서 독립을 넘어 공산화중.... 자유를 사랑하는 사람이라면 독립운동하는 결사항전의 자세로 이 정권을 무...,10,2020.01.01 16:28
105,CGV에서 10분 짤라서 좀 개연성이 없는거 같던데 그만 좀 짜르지,10,2019.12.31 13:26
106,또 평론가들 되지도 않는 점수 매겨놓은거 봐라 허무맹랑 스토리에 싸구려 CG떡칠 백두산이 미드웨이 해전보다 평점이 높다니 역시 친북적인 요소가 가미되지 않아서인가? 실화 기반 영화인 '미드웨이'가 스토...,10,2020.01.01 12:38
107,일본 미화라던지 이상한 소리하는 사람들 있는데 이거 실화고증 거의 완벽히 된거임. 작중 야마모토 사령관도 실제로도 저렇게 탈출거부하고 전함과 함께 사망했음. 저당시 일본이 얼마나 골치 아프면 미국이 다 이긴 전쟁에 ...,10,2020.01.01 19:09
108,"진주만리공습부터 이어오는 너무 많은 내용을 보여줄라고해서 미드웨이해전, 태평양전쟁을 잘모르는 사람들은 이해가 잘않갈수 있고 산만해질수도 있는 영화이지만..전투신이나 영상은 언빌러블함..",8,2019.12.31 13:15
109,시간가는 줄 모를 정도로 박진감 넘치는 영화였습니다! 마지막 부분에서 영화 속 인물이 나중에 어떻게 되는지를 보여준 것도 좋았습니다.,10,2019.12.31 23:49
110,재밌어요 ㅋㅋ 연출이 죽여줍니다,10,2020.01.02 21:34
111,와 이영화는 포디엑스로 꼭 봐주세요 백두산같은 반미영화 나오는시점에서 적절한 팩트폭팩 영화네요 미드웨이에서 미국이 졌으면 아직 광복 못했을수도 있습니다 연출 연기 모두다 대만족입니다. 곡성 일본인 나오는건 조금 몰입...,10,2019.12.31 23:05
112,올해 최고의 영화!!엄지척!!!취향이겠지만 상영관수가 적어서 시간선택이 자유롭지 못해 아쉬웠습니다~ 백두산을 줄이고 좀 늘리는게 맞을듯!!!!,10,2019.12.31 12:02
113,I-Max면 더 좋았을 것을..,10,2019.12.31 22:08
114,고증에 철저하고 영상미가 대박입니다... 진짜 그 현장을 보는 것 같습니다.,10,2019.12.31 12:57
115,백두산 개봉관 반만되도백두산 엎을듯 일본군 잔인함이 덜표현된거 빼고 다만족했습니다웰메이드 영화,10,2019.12.31 16:55
116,백두산하고 비교되네요. 긴장감 넘치게 잘봤어요,10,2019.12.31 15:58
117,핵심사실들을 잘 꼽아내었다.전투장면도 너무 좋았고 급폭하강시의 사운드란....크...재및게 잘봤습니다.해전게임하러 가야지...,10,2019.12.31 12:55
118,진심 재밌음 이게 왜 이제야 나오는지 ..일본 폭격때리는 맛이 있음,10,2019.12.31 12:03
119,역사적 기반의 스토리라 내용은 뻔한데 전개방식이 긴장을 뺐다 넣었다 해야하는데 급박한 느낌이 덜했던 느낌.... 영상미나 생각없이 보면 재미있는 영화임,8,2019.12.31 11:37
120,생생한 전쟁 다큐같은 엄청난 작품.. 미드웨이 해전의 급강하 폭격기 조종사로 빙의되어 생생히 전투에 참여한 느낌이었슴... 라이언일병 구하기 이후에 내겐 최고의 전쟁영화였슴. 어설픈 휴머니즘 없이 철저한 사실에 입각...,10,2020.01.03 18:49
121,진짜 이건 영화관에서 보세요최근 본 영화중에 최곱니다.,10,2019.12.31 22:20
122,실제로 진주만 공습당시는 일본이 강력했다 제대로 알고 까자 미드웨이 해전에서 기적적으로 승리하여 공세가 바뀌었다 영화는 액션은 조금 지루했지만 일본을 격퇴하는 영화는 언제나 재밌다,8,2019.12.31 23:23
123,전반적으로 고증을 잘했고 레이먼드 스프루언스의 비중이 너무 약했고 CG가 빈약하다는 평단의 소문과 달리 독파이트를 가장 박진감 있게 연출한 것 같음. 벤 애플렉의 진주만보다 훨 나음.,10,2019.12.31 22:04
124,좀 너무심한거 아닌가?  인디펜던스데이.스타게이트.2012.만든 감독의 액션대작이 한국영화 시동보다 상영횟수가 작다니 ??백두산 상영횟수의 3분의1이라니 새해벽두에 눈호강 좀 하게 개봉관 늘려주세요 쫌!,10,2020.01.01 11:20
125,올해 본영화중에 원탑이다 라고 할수있다,10,2020.01.01 00:07
126,최고의 전쟁영화로 꼽힐 것 같습니다 ..,10,2019.12.31 23:05
127,덩케르크 와 진주만 을 합쳐놓은 보기드문 명작 향후 전쟁영화 TOP5 안에 들어갈듯 백두산 점유율 줄이고 미드웨이 점유율좀 늘려주세요.,10,2020.01.02 21:34
128,미드웨이 해전 역사교육용이며 미국우월주의식의 미국뽕도 없어서 아주 재밌게 잘 보았습니다.,10,2019.12.31 11:59
129,"액션 연출도 대단하지만,전쟁은 절대로 일어나서는 안됨을 알려주는 영화.전쟁의 희생자 중에 가족, 사랑하는 사람이 없는 사람은 한명도 없으며,죽고싶은 사람도 한명도 없다.",10,2020.01.02 23:27
130,"군인들이 진짜 대닥한거 같다미국이 아니였다면 우리는 독립을 못했을거것이다우리는 북한,중국이 아닌 미국편이여야 하고 미국에게 감사해야 한다",10,2020.01.06 15:53
131,조조로  보았는데   잠이  확 깨었습니다울장한 스케일.. 최고.. 재미있습니다,9,2020.01.01 12:21
132,역시 뛰어난 그래픽과 훌륭한 영상미가 압도적이지만 스토리는 솔직히 글쎄요 입니다.. 볼만은 하지만 잘 만들었다곤 못하겠네요.. 갠적으론 미드웨이 주둔 군 비행사들의 처절한 고군분투와 uss요크타운의 맹활약이 미드웨이...,6,2019.12.31 13:25
133,"해전에서 공습장면은 전투기 게임하는 느낌이였고 수직낙하할때 미친듯했음. 내가 베스트 뒷자리 앉았던 군인였으면 미쳤을듯.. 그리고 세세한 역사적 사건,인물이 나와서 좋았음(미국식 국제시장 전쟁편 느낌)각자의 위치에서 ...",10,2019.12.31 22:23
134,영화 잘 만든 거 같음,10,2019.12.31 22:00
135,오늘보고왔는데 최고임!!!!꼭영화관에서 봐야하는영화다,10,2019.12.31 17:08
136,기대 안 하고 봤는데 전투씬이 볼만 함. 특히 공중전...,10,2019.12.31 16:28
137,좌빨평론가의 딜레마 ㅋㅋㅋㅋ 일본줘터지는 영화에 높은 점수 주자니 미국이 돋보이네???,10,2019.12.31 18:27
138,"일본제국의 항공모함이 우수수 격침되는 장면을 보고 싶어 관람했고 스토리는 이미 태평양 전쟁사 다룬 서적을 꽤 읽어 이미 알고 있어 넘어감...기대대로 액션신 만족시켜 주었고 그 외에 당시 미국, 일본제국의 복장, 건...",9,2020.01.06 08:11
139,재미있게 잘봤습니다.,10,2020.01.01 23:38
140,정말 잘만들어진 영화볼거리 최고,10,2020.01.01 21:57
141,꼭   보세요~~~  강추  강추,10,2020.01.01 20:29
142,1976년에 2030세대였던 부모님이 느꼈던 감동을 2019년 2030세대 자식들이 느낄수 있습니다,10,2019.12.31 15:44
143,"영화보는 내내 몰입하게 만듬.치열한 정보,두뇌싸움이 긴장감을 더함.",10,2020.01.03 16:40
144,전투씬이 나올때마다 개소름. 지리면서 봤습니다. 느므느므느므 멋있고 암튼 최고의 전투씬에 눈호강 제대로 함 ㅠㅜ 정말이지 파일럿은 아무나 하는게 아닌거같음.,10,2020.01.01 02:21
145,스포일러가 포함된 감상평입니다. 감상평 보기,8,2019.12.31 23:45
146,"백두산은 여기 갇다 대지도 못합니다. 정말 보는내내 정신통일 하면서 본 영화는 올해 이영화가 처음입니다. 그만큼 집중력을 주는 걸작입니다. 진주만은 지루한 멜로가 전부였다면 , 이 영화는 거의 전투씬이 대부분입니다....",10,2019.12.31 22:33
147,독립 시켜주셔서 감사합니다...,10,2019.12.31 22:18
148,"야 니들 눈깔엔 미드웨이보다 백두산이 재밌냐?ㅋㅋ 그러고도 니가 사람이냐?ㅋㅈㅋ 아메나, 짚신벌레도 미드웨이가 더 재밌다고한다. 그리고 제작비가 수천배에 감독이 에머리히다! 한국허접영화랑 이런 헐리웃대작걸작들이 같은...",9,2019.12.31 17:30
149,백두산은 영화관에서 사라져주세요,10,2019.12.31 23:27
150,미드웨이 상영관을 진짜 늘려야된다. 영화 순위 1위할만 함. 백두산은..왜...1윈겨?,10,2019.12.31 21:37
151,보는내내 흥미진진했어요.스릴있고 재미나게 봤습니다.,10,2020.01.02 00:24
152,"우리 나라 전쟁도 아니었지만, 저 전쟁 계기로 태평양 전쟁의 주도권이 바뀌고 일제가 패망하게 되었다니... 어떻게 보면, 그러한 희생 덕분에 우리가 이렇게 독립을 누릴 수 있었던 것 같아서 많이 감동하고 많이 울었습...",10,2019.12.31 20:23
153,2019년 본 최고의 영화,10,2019.12.31 16:48
154,백두산의 악역 미국의 대한민국 광복시키기,10,2019.12.31 17:44
155,토트넘 라멜라가 계속보인다! 그리고 재미 있다. 백두산 때문에 큰 상영관에서 못 본게 화가남,9,2019.12.31 15:35
156,다큐보는 느낌 가감없이 팩트만 나열함 주조연 가릴거 없이 람보전투없이 죽는 사람은 다죽는다,10,2020.01.01 12:55
157,미드웨이해전을 제대로 묘사했음니미츠제독과 우디해럴슨 싱크로 ㅎㄷㄷ 영웅을 만들어내고 기억할 줄 아는 제복입은 자들에대한 존경이 깊게배어있는 영화아직도 미국이 최강국인 이유중 하나겠지 다떠나서 너무나 재미있다.,10,2020.01.05 13:35
158,가만히 있는 미국을 건드린 멍청한 일본의 최후...,10,2020.01.04 15:12
159,한마디로 미국식명량,8,2020.01.01 16:18
160,억지 감동팔이 없고 전개 빠르고 손에 땀을 쥐는 전투씬한국영화 보다가 이거 보면 클라스가 다름을 느낌,10,2019.12.31 17:56
161,뜨거워지는영화 정말 좋았네요,10,2019.12.31 10:49
162,백두산? 풉. 미드웨이봐라. 영화다운 영화를 봐야지.,10,2020.01.01 12:35
163,스포일러가 포함된 감상평입니다. 감상평 보기,10,2020.01.01 22:59
164,미쳤어요... 정말 돈 하나도 안아까워요 전쟁영화 별로 안좋아하는데도 감동도 있고 화려하고 너무너무 잘봤어요 정말 ㅠㅠ,10,2019.12.31 20:34
165,간만에 속이 뚫리는 전투영화 잘 봤습니다~일본은 전 세계적으로 민폐를 가장많이 끼친나라~혼쭐을 한번 더 내줘야합니다^^,10,2020.01.01 15:50
166,미화됬다는 인간들은 역사에 대해 알긴하나..진짜 백두산 스크린 대폭 줄이고 미드웨이 상영관 대폭 늘려라...스크린 독점 역겹다 진짜,10,2019.12.31 23:54
167,"영화에서 바비킴을 보았어요, 시간가는줄 모르고 봤네요 ㅋ 대사 하나하나 멋있어요",10,2019.12.31 23:50
168,무슨 긴 말이 필요할까요꼭 보세요 후회 안합니다,10,2019.12.31 22:13
169,바다는 그들을 기억한다,10,2020.01.01 17:17
170,이게 9점대가아니라고??내가본 과거전쟁영화중 최고 입벌리고봤는데 중간에싸울땐 이거까내리는게 알바임 아님 역사도아예몰라서 대화도전혀 이해못해서 쳐졸다가 전쟁씬보고 까는글들..ㅉ,10,2020.01.01 13:27
171,CG가 형편없다는 평이 있는데 SBD 돈틀리스의 급강하 장면은 모든 혹평을 지워버릴 정도로 최고다. 그리고 한국은 광복군 그만 추켜세워라. 미군이 핵폭탄 2발을 터뜨려 항복을 받아냈는데 보병 4백명으로 어떻게 조선반...,10,2019.12.31 21:08
172,백두산 보다 10배 볼만한 영화다.이제 좌빨 주사파 영화 몸서리 처진다.,10,2019.12.31 15:37
173,폭격기에서 항공모함으로 돌진하는 영상씬이 제일 기억에 남는 장면입니다.,9,2020.01.07 16:59
174,이해를 못하겠다.백두산도 보고 시동 미드웨이도 본사람으로 아직도 백만을 찍지 못했다는게 의아하다.백두산보다 훨 좋다.,8,2020.01.05 07:01
175,"소니는 제작을 수OO간 방해하고,일본 정부는이 영화가 참패하기를 바라고 있다고 국내기사가아닌 미국의 기사를 봤다.이 영화때문의 미국의 10~20대들이 일본을다시보고 있다고 하는데국내 평론가란 사람들은  4~6점  평...",10,2020.01.04 21:09
176,미드웨이 상공에 있는 줄 알았다.역대급 항공전.이 해전을 기점으로당시 일본제국은 망국의 길에 들어섬.,10,2020.01.01 19:41
177,급강하해서 폭탄 떨굴때 내손이 다 떨렸다 ㅎㅎ,10,2020.01.01 00:47
178,윈스턴 처칠경이 전쟁사의 조류를 바꿨다고 극찬한 브리튼 전투에 비견되는 아니 그 보다더 위대한 전투였습니다그들의 용기와 헌신이 있었기에 우리나라도 광복을 맞이할 수 있었습니다 아메리카합중국 만세!,10,2019.12.31 23:22
179,올해 최고의 영화. 시간가는 줄 모르고 봄.,10,2019.12.31 23:21
180,"미국의 승전,일본의 항복,대한민국의 해방에중요한 역할을 했던 해전임!",10,2019.12.31 22:07
181,정말 제대로 만든 전쟁영화~~! 역사적 사실을 알고 보면 더욱 재밌음~!!,10,2019.12.31 21:52
182,진짜 짱짱짱입니다 이런것은 대형스크린 으로 봐야죠아니 겨울왕국2 독과점 상영한다고 발광하던 관종짓하던 팽이 들이 이번 백두산은 왜?가만히있냐 제발 이영화 상영관 좀늘려라 추운데 먼곳까지 찿아다니다가봤다 아직흥분이 안...,10,2019.12.31 20:29
183,실감나는 태평양전쟁의 해전씬만으로도 10점만점에 10점!!,10,2019.12.31 19:45
184,최곱니다~~!!미드웨이해전을 한번에 느낄수 있었어요~,10,2019.12.31 17:48
185,대규모 전투신의 고증에 놀라고 일본이 참패당하는 과정에 전율이 올라오는 최고의 영화입니다,10,2019.12.31 17:42
186,무적의 엔터쟝 일본 때리는 영화,10,2019.12.31 17:25
187,긴장감 좋고 팡팡터지는 액션으로 꽉참,10,2019.12.31 16:45
188,정말 감동스럽게 보고 갑니다.,10,2019.12.31 16:33
189,오랫만에 극장에서 스케일 쩌는 영화 봄. 이런영화가 개봉해야지..암,10,2019.12.31 10:53
190,일본은 쳐 부셔야 제맛이죠백두산보다 천만배 잼있는게 봤습니다,10,2020.01.04 17:24
191,그 시절 진주만 폭격 이후 미국이 열세일지 몰랐네요. 웰메이드 영화입니다.,10,2019.12.31 23:06
192,걍 박스오피스 1위 당연함,10,2019.12.31 22:44
193,몰랐던 역사를 알았어요,10,2019.12.31 16:30
194,국뽕빼고 우리나라가 광복할 수 있었던 이유는 이거다,10,2019.12.31 14:33
195,"진행속도가 빠르고, 전쟁 중 심리전에 대한 묘사가 뛰어나요. 수작입니다.강추",10,2020.01.01 10:55
196,우리를 독립시켜준 미국에게 너무너무 감사하다. 임진왜란때 그렇게 당하고 똥인지 오줌인지도 모르고 살았던 조선왕들이 너무나 한심할뿐,10,2019.12.31 23:43
197,스포일러가 포함된 감상평입니다. 감상평 보기,10,2019.12.31 21:55
198,"완전 미국 국뽕 영화임에도 불구하고 전투씬이 정말 대단했다. 급강하폭격씬은 정말 멋있었고, 그 큰 항모위에 폭탄 하나 투하하는 게 저렇게 어려울 줄은 몰랐다 ㅋ 1945년이라는 게임이 생각나는 영화였다. 전투씬이 넘...",9,2020.01.03 20:47
199,미국하고 일본하고 저렇게 싸웠는데 지금 미국과 일본은 굳건한 동맹 ㅋㅋㅋ 그러나 우리나라는 좌파들의 선동에 또 반일 감정 ㅋㅋㅋ 역시 우리나라는 항상 감성적이고 다혈질적이고 고지식한 성격들은 세월이 지나도 못 고침 ...,7,2019.12.31 17:44
200,기대안하고 봤다가 깜짝 놀람. 요즘 개봉한 영화중 제일 재밌게 봤어요.,10,2020.01.05 01:38
201,스포일러가 포함된 감상평입니다. 감상평 보기,10,2020.01.04 23:07
202,꿀잼이었습니다. 실화바탕이라 더 재밌었네요,9,2020.01.04 18:11
203,이 영화는 세계사에 관심도 없는 어중이 떠중이들은 오히려 안보는게 나을 정도로 수작이다. 질 낮은 애들은 그냥 질 낮은 영화만 찾아다니면 됨 ^^,10,2020.01.03 08:27
204,전쟁영화 중 손꼽을만함 스토리 상타 전투신 쩐다,10,2020.01.02 17:14
205,간만에 영화다운 영화를 봤네요..액션도  긴장감  있고 .시간 가는 줄 모르게...배울점도  있네요..부하를 믿는  니미츠 제독의  리더쉽...good!   ..,10,2020.01.01 19:40
206,전통적인 전쟁 영화였다!,8,2020.01.01 17:46
207,Thanks for United State.,10,2020.01.01 14:44
208,장면 하나하나가 눈에 잘 들어왔어요!! 재밌게 잘 관람했어요!!,10,2019.12.31 22:04
209,"극장에서 봐야 합니다  큰관내놔라~영화보면서 추임새넣는어머나.어떻게~,어머어머,왠일이니,등등어우!진짜! 조용히 보자 !",9,2019.12.31 16:17
210,미국이 좋든 싫든 우리의 우방국가이며 미국이 없었다면 지금쯤 우리나라는 북한이나 중국처럼 자유가 없는 나라였음에는 자명하다. 미국의 목적과 의도가 우리가 생각하는 것처럼 숭고하지 않았으며 그들의 이익을 위해 한반도를...,8,2020.01.05 04:51
211,백두산볼까하다가 평점이 안좋길래 미드웨이 부모님 예매해드렸는데 재밌었다고 하시네요.,8,2020.01.03 14:40
212,극장에서 돈주구보는 영화는 이래야지 암.스트레스풀림,10,2020.01.02 21:37
213,54세 51세 부부가 봤어요..잼납니다.알바 아녀요,9,2020.01.02 09:02
214,시간 가는줄 모르고 잘 봤네요.,10,2020.01.02 08:18
215,이게 진짜 영화지 씨발  백두산 같은 그지영화 보는 인간들은 뭐냐,10,2020.01.02 04:35
216,엄청 재밌네요 어떻게 이런 영화를 만들수가 있고 실제로 이런 전쟁이 있었다는게 믿기지가 않네요,10,2020.01.06 11:52
217,손에땀을 쥐고 본것 같아요.영상미가 대단합니다.,10,2020.01.06 06:04
218,스케일이 달라요ㆍ헐리우드영화답네요ㆍ지루할시간이없어요ㆍ미국이 이기는바람에 우리가 나라를  되찾은건 아이러니해요ㆍ그때 강제로징용가신 큰삼촌들이 저렇게 돌아가셨구나싶어 가슴이 먹먹했어요ㆍ배가 폭격을맞아 시체도없이  모래한...,8,2020.01.05 19:10
219,항공모함의 총알들을 피해 돌진하는 내내 긴장됨,8,2020.01.05 11:15
220,스포일러가 포함된 감상평입니다. 감상평 보기,9,2020.01.05 08:56
221,전쟁영화  좋아안하는데 재미 있게 봤습니다전투신 모두 좋았어요,10,2020.01.04 13:32
222,재밌게 봣습니다.. 굿굿굿,8,2020.01.03 15:36
223,박평식 영화는 보고 평가하니??ㅉㅉ,10,2020.01.02 10:00
224,"아래 영회들 다봤음. 1위.미드웨이.공동2위.천문, 시동4위. 백두산",10,2020.01.01 22:22
225,백두산 같은 ㅆㄹㄱ영화보고 언첬었는데 미드웨이 보고 소화가 되었습니다,10,2020.01.01 17:47
226,가족과 함께 봤습니다. 재미있게 봤는데 아쉬운 점은 상영관이 별로 없고 상영하는 기간도 짧다는 거네요.,10,2020.01.01 14:52
227,예매 할려고 집근처 두군데 보니 큰관은 다 백두산이 아직도 점령 작은관 2곳 상영이 말이되냐 ㅡㅡ,10,2020.01.01 03:13
228,일본 폭격 맞을때 나도모르게 박수침ㅋㅋㅋㅋ,10,2019.12.31 23:39
229,"결말은 예측 가능했지만, 그래도 대규모 전쟁씬이 정말 멋있었습니다.",9,2019.12.31 22:18
230,"평식이형 백두산, 인랑에 5점줬는데 이영화에 4점 너무하지 않나",8,2019.12.31 20:32
231,재미있었음 굿굿,10,2019.12.31 16:33
232,전율이 돋는다....,10,2019.12.31 16:17
233,상영 시간대좀 늘려라..두번 볼거다..,10,2019.12.31 14:17
234,방금 보고 왔는데 개 재밌음 재미 없을수가 없다,10,2019.12.31 12:11
235,남자친구랑 보라갔었는데 이거 보고나오면서 자꾸 군인한다그랬어여ㅋㅋ그만큼 진짜 집중도 높았고 연출 연기 뭐하나 빠지는거 없이 너뮤 재밌게봤습니다 요즘 영화재밌는거 없었는데 천문이랑 투톱인듯해여 ㅎㅅㅎ굳굳,10,2020.01.11 14:16
236,일본놈들이 싫지만 영화에서 나오는 미군조차도 일본에게 압도적 열세라고 인정하고 시작한걸 보니 일본놈들이 대단하긴 대단했었나봐요. 그걸 극복하고 승리하기 위해 목숨을 바친 분들께 정말 진심으로 경의를 표합니다.,10,2020.01.08 14:14
237,미드웨이 재미있게 봤습니다. 중간중간 짧은 장면을 이해 할려면 실제 역사를 알아야 하지만 몰라도 재미있게 볼수 있는 영화 같아요.,10,2020.01.04 18:45
238,스토리 보다는 엄청난 물량의 CG효과와 사운드가 돋보입니다,10,2020.01.04 18:35
239,에머리히 감독이라서 무시하고 봤다가 한방먹었네요. 1억불제작비로 이런 영상이 가능한가? 이런생각이 계속 들었어요. 곁가지쳐내고 묵직함으로 승부하는 전투액션수작,9,2020.01.04 06:41
240,스포일러가 포함된 감상평입니다. 감상평 보기,10,2020.01.01 07:09
241,진짜 손에 땀을 쥠...,10,2019.12.31 23:15
242,수원 롯데 영화관 스크린 제일 작은곳에3.5.7관 위대한 역사상 가장 큰 스케일 영화들 방영하고 있다..망해라 롯데시네마,10,2019.12.31 22:11
243,미드웨이 안보고 백두산같은 쓰레기 영화보는 친일빨갱이 없제?,10,2020.01.01 15:11
244,백두산 같은 허접영화는 온극장을 도배하고 이런 영화는 극장 찾게만드는 조선놈들의 영화 수준  정말 웃겨스토리텔링은 조금그러나 고전영화에 현대기술을 더한 재미 공중전은 압권 극장에서 보길 추천,8,2019.12.31 21:43
245,한일관계를 위해 반일영화 만들지 말라는 놈을은 이 영화나 봐라~ 미국도 반일국가야^^ kill more japs!,10,2019.12.31 16:49
246,한마디로 이 시국에 보는 영화,10,2020.01.06 05:25
247,"군인들이 정말 대단한 분들이라는 것을 다시 한번 깨우치게 해준 명ㅡ작,지금껏 본 영화 가장 감명 받은 인ㅡ생작,모든게 완벽하다정말로;",10,2020.01.06 04:07
248,"자꾸 서사니 로맨스가 빠졌느니 뭐니 하는데, 미드웨이 해전은 그 자체가 기적이요 대서사다. 주인공은 왜 무적이야 뭐 이 ㅈㄹ 하는데, 실제 그랬단 것이고 유튭 역사채널을 보면 영화가 미처 담지 못한 아주 흥미롭고 긴...",10,2020.01.06 02:52
249,"씬, 스토리 모두 최고였다. 개인적으로 당시 일본의 국력이 정말로 강력했음을 알 수 있었고, 이에 맞서 대한민국의 광복을 되찾아준 미국에 대한 감사함과 위대함을 다시금 상기할 수 있었다. 그리고 광복의 결정적 계기가...",10,2020.01.06 00:19
250,내가 백두산보고 이거 봤는데 진짜 클라스가 다름...,10,2020.01.06 00:08
251,공군 항공기정비대대 출신으로 이 영화를 보며 4번 대성통곡 할 뻔 했습니다. 최고의 공중전을 보여주는 영화!!,10,2020.01.05 23:57
252,"이 영화 완전 숨겨진 수작같네요. 개봉관이 많이 없어서 그냥 집근처에서 봤는데, 아이맥스로 봤었다면 정말 장난아니었을거 같아요. 실화라 더 재밌고 공감가고 전투신이 정말 화려해요. 마지막엔 감동받아서 살짝 눈물도 났...",10,2020.01.05 23:06
253,지금까지 본 전투 영화중 제일 재밌었음. 전쟁시 전투라는 게 이런거구나 하고 리얼하게 보여준듯. 벤 애플릭 주연의 영화 진주만보다 더 리얼하고 스케일이 컸다고 느낌.,10,2020.01.05 22:17
254,우리나라도 625전쟁 영웅들 영화화했으면 좋겠음전쟁중에 북한군이랑 우정느끼는 OO은거말고,9,2020.01.05 22:05
255,아..진짜 영화가 빈틈이 없네..,9,2020.01.05 19:58
256,여태까지 본 전쟁영화중 손에 꼽는 영화였다. 평론가들은 이정도 영화에도 불만이 가득해보이는데 역대급 공군 해군 전쟁영화인거같다.,10,2020.01.05 18:12
257,재밌는데 재미 없다는 새끼들은 머냐 ㅋㅋ 그럼 어떤 게 재밌는거냐 ? 아오 빡쳐 이런 게 영화지 역시 영화는 미국 영화지 해군 짱 ~~ !,10,2020.01.05 17:51
258,최고의 영화.시간 가는 줄 모르고 봤다.,10,2020.01.05 12:52
259,"너무재밌고 멋진영화다.비행전투장면도 말할것도 없고, 모든게 진주만의 업그레이드 버전!!미국이란 나란 미쳤다. 평화에 미친나라 한국전쟁때 희생한 미군들에게도 존경과 감사를 표합니다",10,2020.01.05 11:33
260,평점 처음 달아보는데 진짜 그 정도로 추천..  무조건 보세요 처음부터 끝까지 재밌음 진심;,10,2020.01.05 11:12
261,스케일 후덜덜... 깔끔한 연출력.. 감정팔이 없어 좋았고 비행전투신에서 몰입도 캡... 그시대에  일본  군함보고  씁쓸 .. 일본이  깝친 이유가  있었네...꼭  보시길..,10,2020.01.05 10:48
262,전쟁영화보고 울컥 할 수도 있더라구요,10,2020.01.05 10:22
263,그야말로 전쟁사 영화. 영화 진주만과는 전혀 다른 스타일. 진주만은 연애 드라마가 메인이라면 이 영화는 전쟁 서사가 메인. 쓸데없는 관객 끌기용 연애드라마가 아니어서 너무 좋았다. 진주만 폭격에서 미드웨이 해전까지 ...,9,2020.01.05 10:20
264,전쟁영화 안보는데 미드웨이가 뭔지 모르고 봤는데잘찍었네요극강하강 장면에 내가 조정석에 앉자 있는 느낌으로심장떨리고 조마조마합니다멋진 남자들의 영화 입니다,10,2020.01.04 23:14
265,"오늘 오후에 보고왔는데 백두산도 봤지만은 백두산이 700만 넘은게 신기 .. 미드웨이가 700만 넘어야할판에정말 스토리부터 연출 연기가 비교가 안된다... 정말 재밌게봤습니다전쟁씬, 항공기물, 역사물 좋아하시는분 매...",10,2020.01.04 22:25
266,실로 간만에 극장에서 소름 돋아봄.,8,2020.01.04 22:18
267,"영화 몰입도가 진짜 좋아요.배우분들도 다 잘생기시고 연기도 잘 하심!ㅋㅋ너무 몰입하고 봐서 그런지 긴장되고, 손에 땀남..추천합니다! 백두산말고 이 영화 보시길.,",9,2020.01.03 04:57
268,역사를 잊은 민족에게 미래는 없습니다.정말 역사공부 제대로 했습니다.역사적 고증과 최첨단 CG로 마치 전쟁터에 직접 다녀온 기분이 든 멋진 영화였습니다.,10,2020.01.02 21:28
269,아주 오랜만에 돈 아깝지 않은 영화였음이런영화가 상영관이 1개뿐이라는게 이해가 안감,10,2020.01.02 21:15
270,"'역사적 사실, 전쟁 영화의 스릴, 전쟁의 공포'를 동시에 느낄 수 있는 대작. 가히 최고다! 압도적 최고!",10,2020.01.02 20:06
271,처음 추천남김.한번 더 보고싶다는 생각도 든다.닉 베스트가 넘나리 멋찌닷역시 일본은 후드려패야 제맛.러닝타임길긴한데 괜츈해요!,10,2020.01.02 05:11
272,실감나는 전투장면. 스케일이 엄청남,10,2020.01.02 00:09
273,지금까지 본 전쟁영화 중 손에 꼽을 정도로 잘만듬. 쓸데없는 국뽕이나 긴장깨는 로맨스도 없고. 미드웨이 해전 내용 알고 있으면 있을수록 ㄹㅇ 몰입감 개쩜. 다큐 느낌이 사알짝 날 정도로 고증도 충분히 잘함 대신 역사...,10,2020.01.02 00:03
274,역사적 사실을 모르면 재미없을지 모릅니다. 추천합니다 10점영화입니다,10,2020.01.01 23:34
275,이런게 영화이지... 쓰래기같은 백두산 보다 100만배 낫다,10,2020.01.01 23:24
276,개꿀잼임ㅋ  진주만본사람들은 더 개꿀잼ㅋ 백두산은 발끝에 미치지도못한다,10,2020.01.01 23:05
277,지금 대한민국에 빨갱이 미화영화가 판쳐도 감독이 무사한 민주주의를 이룩해준 혈맹 미국의 희생이 보여지는 영화임... 이 해전 없었으면 지금의 한국도 없음.,10,2020.01.01 18:14
278,백두산도 보고 미드웨이도 보고 뭐가 더 재미있다는건 잘못된듯하다. 영화장르부터가 틀리다.그래도 꼭 선택하라면 미드웨이,10,2020.01.01 08:37
279,쪽국이 겁없이 천조국 정강이 한번 걷어찼다가 뒈지게 두들겨 맞는 이야기.  하류함에 폭탄 명중했을때 나도 모르게 Yes !!! 외치더라.  완전 사이다.,10,2020.01.01 01:25
280,영웅!!!심장을 쿵쾅거리게하는 빗발치는 총탄을 뚫고 수직강하하는 장면은 길이기리 내 맘속에 남으리,10,2019.12.31 23:52
281,다이~~ 쩹스 다이~!!!,10,2019.12.31 16:22
282,제 여자친구는 영화가 노잼이었다고하는데 저는 정말 2시간넘게 돌아가는 영화를 내내 입쩍벌리고 봤습니다.. 마치 제가 꼭 전투기를 탄 느낌이더군요 몰입제대로 했습니다. 이영화는 제가 본 전쟁영화중 탑권 이엇습니다.,8,2020.01.13 10:26
283,솔직히 백두산보다 미드웨이가 훨씬잼있음 백두산은걍 하정우랑 이병헌 브로캐미 보여주려고나온영화같은데미드웨이는 이전 진주만습격이랑 전쟁내용을 잘 해석해서보여준거같음,10,2020.01.11 13:34
284,오늘 백두산보고 하나 더 보려고 우연히 미드웨이 두편을 봤는데 미드웨이 정말 보기 잘한듯 왜 상영을 적게하지.. 억지신파 가득한 백두산보고는 눈물한방울 안나더니 미국인도 아닌데 미드웨이보고는 울었다.. 진짜 꼭 보길...,10,2020.01.09 18:34
285,우리나라는 독립군이 아닌 미국에 의해 해방된 나라입니다.!!!!,10,2020.01.04 23:08
286,우리가 모두가 알고 있는 진주만 이후의 이야기를 그려줘서 흥미로웠고 태평양 전쟁 최고의 대규모 전투를 영화로 볼 수 있어서 눈이 호강한 영화였다. 영화 초반부터 진주만 공습부터 시작해서 지루하지 않게 몰아쳐줘서 정신...,8,2020.01.03 03:07
287,내용은딱히없으나 영상미개쩜,8,2020.01.01 16:14
288,"집에서 보면 재미 없을 듯. 영화관에서 봐야 하는 영화. 절대 미쿡 입장에서만 쓴 미쿡 미화 영화 아님. 오히려 왜구들 변명을 대변해 왜구들 미화한 부분도 있는 거 같아, 별점 깎았음. 진주만 폭격이 미쿡의 제재 때...",8,2020.01.01 22:17
289,스포일러가 포함된 감상평입니다. 감상평 보기,10,2020.01.06 03:34
